Workbook
Name _xlchart.v1.9: '排出量'!$P$64:$P$135
Name _xlchart.v1.23: #REF!
Name _xlchart.v1.17: #REF!
Name _xlchart.v1.21: #REF!
Name _xlchart.v1.15: #REF!
Name _xlchart.v1.8: '排出量'!$P$63
Name _xlchart.v1.16: #REF!
Name _xlchart.v1.1: '排出量'!$E$130:$E$155
Name _xlchart.v1.0: '排出量'!$E$129
Name _xlchart.v1.6: '排出量'!$O$63
Name _xlchart.v1.22: #REF!
Name _xlchart.v1.18: #REF!
Name _xlchart.v1.12: #REF!
Name _xlchart.v1.10: '排出量'!$Q$63
Name _xlchart.v1.4: '排出量'!$G$129
Name _xlchart.v1.14: #REF!
Name _xlchart.v1.11: '排出量'!$Q$64:$Q$135
Name _xlchart.v1.5: '排出量'!$G$130:$G$155
Name _xlchart.v1.7: '排出量'!$O$64:$O$135
Name _xlchart.v1.19: #REF!
Name _xlchart.v1.3: '排出量'!$F$130:$F$155
Name _xlchart.v1.20: #REF!
Name _xlchart.v1.2: '排出量'!$F$129
Name _xlchart.v1.13: #REF!

Sheet 使用量
A1: ■電気・ガス・水道使用量
A2: No | B2: 月 | C2: 月 | D2: 月 | E2: 電気[kWh] | F2: 電気代 | G2: ガス[㎥] | H2: ガス代 | I2: 水道[㎥] | J2: 水道代
A3: 1 | B3: 2017 | C3: 5 | D3: 2017年5月 | E3: 153 | G3: 16 | I3: 8
A4: 2 | B4: 2017 | C4: 6 | D4: 2017年6月 | I4: 6.5
A5: 3 | B5: 2017 | C5: 7 | D5: 2017年7月 | E5: 159 | I5: 6.5
A6: 4 | B6: 2017 | C6: 8 | D6: 2017年8月 | E6: 175 | G6: 7 | I6: 7.5
A7: 5 | B7: 2017 | C7: 9 | D7: 2017年9月 | E7: 158 | G7: 8 | I7: 7.5
A8: 6 | B8: 2017 | C8: 10 | D8: 2017年10月 | E8: 140 | G8: 16
A9: 7 | B9: 2017 | C9: 11 | D9: 2017年11月 | E9: 158 | G9: 24
A10: 8 | B10: 2017 | C10: 12 | D10: 2017年12月 | I10: 8.5
A11: No | B11: 月 | C11: 月 | D11: 月 | E11: 電気[kWh] | F11: 電気代[円] | G11: ガス[㎥] | H11: ガス代 | I11: 水道[㎥] | J11: 水道代
A12: 9 | B12: 2018 | C12: 1 | D12: 2018/1 | E12: 194 | F12: 4738 | G12: 25 | H12: 4319 | I12: 8.5 | J12: 1675.5
A13: 10 | B13: 2018 | C13: 2 | D13: 2018/2 | E13: 185 | F13: 4521 | G13: 24 | H13: 4200 | I13: 9.5 | J13: 3637
A14: 11 | B14: 2018 | C14: 3 | D14: 2018/3 | E14: 153 | F14: 3732 | G14: 21 | H14: 3853 | I14: 9.5
A15: 12 | B15: 2018 | C15: 4 | D15: 2018/4 | E15: 136 | F15: 3332 | G15: 21 | H15: 3885 | I15: 8 | J15: 3209
A16: 13 | B16: 2018 | C16: 5 | D16: 2018/5 | E16: 148 | F16: 3720 | G16: 10 | H16: 2418 | I16: 8
A17: 14 | B17: 2018 | C17: 6 | D17: 2018/6 | E17: 135 | F17: 3396 | G17: 11 | H17: 2567 | I17: 8 | J17: 3209
A18: 15 | B18: 2018 | C18: 7 | D18: 2018/7 | E18: 192 | F18: 4928 | G18: 9 | H18: 2294 | I18: 8
A19: 16 | B19: 2018 | C19: 8 | D19: 2018/8 | E19: 218 | F19: 5656 | G19: 5 | H19: 1743 | I19: 7 | J19: 3161
A20: 17 | B20: 2018 | C20: 9 | D20: 2018/9 | E20: 193 | F20: 5030 | G20: 8 | H20: 2170 | I20: 7
A21: 18 | B21: 2018 | C21: 10 | D21: 2018/10 | E21: 141 | F21: 3662 | G21: 12 | H21: 2748 | I21: 9 | J21: 3494
A22: 19 | B22: 2018 | C22: 11 | D22: 2018/11 | E22: 150 | F22: 3948 | G22: 14 | H22: 3050 | I22: 9
A23: 20 | B23: 2018 | C23: 12 | D23: 2018/12 | E23: 161 | F23: 4281 | G23: 21 | H23: 4068 | I23: 11 | J23: 4293
A24: 21 | B24: 2019 | C24: 1 | D24: 2019/1 | E24: 197 | F24: 5346 | G24: 33 | H24: 5698 | I24: 11
A25: 22 | B25: 2019 | C25: 2 | D25: 2019/2 | E25: 169 | F25: 4607 | G25: 22 | H25: 4283 | I25: 10 | J25: 3779
A26: 23 | B26: 2019 | C26: 3 | D26: 2019/3 | E26: 143 | F26: 3303 | G26: 22 | H26: 4304 | I26: 10
A27: 24 | B27: 2019 | C27: 4 | D27: 2019/4 | E27: 137 | F27: 3152 | G27: 28 | H27: 4799 | I27: 10.5 | J27: 4036
A28: 25 | B28: 2019 | C28: 5 | D28: 2019/5 | E28: 136 | F28: 3578 | G28: 19 | H28: 3561 | I28: 10.5
A29: 26 | B29: 2019 | C29: 6 | D29: 2019/6 | E29: 172 | F29: 4504 | G29: 11 | H29: 2362 | I29: 8.5 | J29: 3351
A30: 27 | B30: 2019 | C30: 7 | D30: 2019/7 | E30: 178 | F30: 4642 | G30: 12 | H30: 2487 | I30: 8.5
A31: 28 | B31: 2019 | C31: 8 | D31: 2019/8 | E31: 249 | F31: 6476 | G31: 11 | H31: 2316 | I31: 9 | J31: 3494
A32: 29 | B32: 2019 | C32: 9 | D32: 2019/9 | E32: 211 | F32: 5417 | G32: 12 | H32: 2428 | I32: 9
A33: 30 | B33: 2019 | C33: 10 | D33: 2019/10 | E33: 182 | F33: 4631 | G33: 11 | H33: 2279 | I33: 9 | J33: 3525
A34: 31 | B34: 2019 | C34: 11 | D34: 2019/11 | E34: 150 | F34: 3857 | G34: 16 | H34: 3036 | I34: 9
A35: 32 | B35: 2019 | C35: 12 | D35: 2019/12 | E35: 165 | F35: 4232 | G35: 21 | H35: 3730 | I35: 9 | J35: 3559
A36: 33 | B36: 2020 | C36: 1 | D36: 2020/1 | E36: 199 | F36: 5111 | G36: 27 | H36: 4484 | I36: 9
A37: 34 | B37: 2020 | C37: 2 | D37: 2020/2 | E37: 170 | F37: 4332 | G37: 19 | H37: 3440 | I37: 9 | J37: 3559
A38: 35 | B38: 2020 | C38: 3 | D38: 2020/3 | E38: 105 | F38: 2729 | G38: 19 | H38: 3446 | I38: 9
A39: 36 | B39: 2020 | C39: 4 | D39: 2020/4 | E39: 107 | F39: 2775 | G39: 18 | H39: 3308 | I39: 7 | J39: 3220
A40: 37 | B40: 2020 | C40: 5 | D40: 2020/5 | E40: 95 | F40: 2535 | G40: 13 | H40: 2600 | I40: 7
A41: 38 | B41: 2020 | C41: 6 | D41: 2020/6 | E41: 103 | F41: 2694 | G41: 9 | H41: 2033 | I41: 7.5 | J41: 3245
A42: 39 | B42: 2020 | C42: 7 | D42: 2020/7 | E42: 112 | F42: 2842 | G42: 9 | H42: 2030 | I42: 7.5
A43: 40 | B43: 2020 | C43: 8 | D43: 2020/8 | E43: 166 | F43: 4123 | G43: 9 | H43: 2027 | I43: 7 | J43: 3220
A44: 41 | B44: 2020 | C44: 9 | D44: 2020/9 | E44: 196 | F44: 4752 | G44: 7 | H44: 1730 | I44: 7
A45: 42 | B45: 2020 | C45: 10 | D45: 2020/10 | E45: 114 | F45: 2686 | G45: 15 | H45: 2784 | I45: 7.5 | J45: 3245 | Y45: Oh
A46: 43 | B46: 2020 | C46: 11 | D46: 2020/11 | E46: 104 | F46: 2452 | G46: 11 | H46: 2186 | I46: 7.5
A47: 44 | B47: 2020 | C47: 12 | D47: 2020/12 | E47: 103 | F47: 2396 | G47: 20 | H47: 3264 | I47: 10 | J47: 3850
A48: 45 | B48: 2021 | C48: 1 | D48: 2021/1 | E48: 114 | F48: 2570 | G48: 34 | H48: 4731 | I48: 10
A49: 46 | B49: 2021 | C49: 2 | D49: 2021/2 | E49: 110 | F49: 2503 | G49: 22 | H49: 3447 | I49: 8 | J49: 3269
A50: 47 | B50: 2021 | C50: 3 | D50: 2021/3 | E50: 94 | F50: 2253 | G50: 24 | H50: 3722 | I50: 8
A51: 48 | B51: 2021 | C51: 4 | D51: 2021/4 | E51: 99 | F51: 2394 | G51: 15 | H51: 2719 | I51: 6 | J51: 3172
A52: 49 | B52: 2021 | C52: 5 | D52: 2021/5 | E52: 96 | F52: 2440 | G52: 9 | H52: 1974 | I52: 6
A53: 50 | B53: 2021 | C53: 6 | D53: 2021/6 | E53: 99 | F53: 3731 | G53: 6 | H53: 1576 | I53: 4.5 | J53: 3124 | K53: 99 | L53: 103 | M53: =1-K53/L53 -> 0.038834951 | N53: 3731 | O53: 2694 | P53: =N53/O53-1 -> 0.38492947
A54: 51 | B54: 2021 | C54: 7 | D54: 2021/7 | E54: 108 | F54: 4006 | G54: 5 | H54: 1746 | I54: 4.5 | K54: 108 | L54: 112 | M54: =1-K54/L54 -> 0.035714286 | N54: 4006 | O54: 2842 | P54: =N54/O54-1 -> 0.40957072
A55: 52 | B55: 2021 | C55: 8 | D55: 2021/8 | E55: 191 | F55: 6282 | G55: 5 | H55: 1739 | I55: 5.5 | J55: 1574 | K55: =SUM(E53:E56) -> 532 | L55: =SUM(E41:E44) -> 577 | M55: =1-K55/L55 -> 0.077989601 | N55: =SUM(F53:F56) -> 18168 | O55: =SUM(F41:F44) -> 14411 | P55: =1-N55/O55 -> -0.26070363
A56: 53 | B56: 2021 | C56: 9 | D56: 2021/9 | E56: 134 | F56: 4149 | G56: 5 | H56: 1754 | I56: 5.5 | J56: 1574
A57: 54 | B57: 2021 | C57: 10 | D57: 2021/10 | E57: 111 | F57: 3745 | G57: 9 | H57: 2336 | I57: 7 | J57: 1610 | K57: =SUM(E38:E49) -> 1429 | L57: =SUM(E26:E37) -> 2092 | M57: =K57/L57 -> 0.68307839 | O57: 80000
A58: 55 | B58: 2021 | C58: 11 | D58: 2021/11 | E58: 80 | F58: 2292 | G58: 13 | H58: 2939 | I58: 7 | J58: 1610 | L58: =SUM(F38:F49) -> 35057 | M58: =SUM(F26:F37) -> 53235 | N58: =M58-L58 -> 18178 | O58: =O57/N58 -> 4.4009242
A59: 56 | B59: 2021 | C59: 12 | D59: 2021/12 | E59: 80 | F59: 2327 | G59: 18 | H59: 3708 | I59: 6 | J59: 1586 | M59: =1-L60/L57 -> 0.34321224 | O59: =O57-N58 -> 61822
A60: 57 | B60: 2022 | C60: 1 | D60: 2022/1 | E60: 174 | F60: 4841 | G60: 15 | H60: 3323 | I60: 6 | J60: 1586 | L60: =SUM(E53:E64) -> 1374 | M60: =SUM(F53:F64) -> 43628 | N60: =M58-M60 -> 9607 | O60: =O59/N60 -> 6.4350994
A61: 58 | B61: 2022 | C61: 2 | D61: 2022/2 | E61: 141 | F61: 4061 | G61: 27 | H61: 5262 | I61: 9.5 | J61: 1852 | N61: =1-M60/M58 -> 0.18046398
A62: 59 | B62: 2022 | C62: 3 | D62: 2022/3 | E62: 95 | F62: 2934 | G62: 27 | H62: 5462 | I62: 9.5 | J62: 1852
A63: 60 | B63: 2022 | C63: 4 | D63: 2022/4 | E63: 84 | F63: 2697 | G63: 23 | H63: 4918 | I63: 6 | J63: 1586
A64: 61 | B64: 2022 | C64: 5 | D64: 2022/5 | E64: 77 | F64: 2563 | G64: 10 | H64: 2790 | I64: 6 | J64: 1586
A65: 62 | B65: 2022 | C65: 6 | D65: 2022/6 | E65: 89 | F65: 2894 | G65: 9 | H65: 2625 | I65: 4 | J65: 1562
A66: 63 | B66: 2022 | C66: 7 | D66: 2022/7 | E66: 147 | F66: 4758 | G66: 5 | H66: 1945 | I66: 4 | J66: 1562
A67: 64 | B67: 2022 | C67: 8 | D67: 2022/8 | E67: 185 | F67: 6219 | G67: 5 | H67: 1945 | I67: 4.5 | J67: 1562
A68: 65 | B68: 2022 | C68: 9 | D68: 2022/9 | E68: 141 | F68: 4693 | G68: 4 | H68: 1769 | I68: 4.5 | J68: 1562
A69: 66 | B69: 2022 | C69: 10 | D69: 2022/10 | E69: 102 | F69: 3453 | G69: 11 | H69: 3106 | I69: 7.5 | J69: 1622
A70: 67 | B70: 2022 | C70: 11 | D70: 2022/11 | E70: 82 | F70: 2888 | G70: 15 | H70: 3991 | I70: 7.5 | J70: 1623
A71: 68 | B71: 2022 | C71: 12 | D71: 2022/12 | E71: 80 | F71: 832 | G71: 17 | H71: 4545 | I71: 7.5 | J71: 1623
A72: 68 | B72: 2023 | C72: 1 | D72: 2023/1 | E72: 91 | F72: 3142 | G72: 26 | H72: 6545 | I72: 7.5 | J72: 1622
A73: 69 | B73: 2023 | C73: 2 | D73: 2023/2 | E73: 109 | F73: 2889 | G73: 18 | H73: 4554 | I73: 6.5 | J73: 1598
A74: 70 | B74: 2023 | C74: 3 | D74: 2023/3 | E74: 77 | F74: 1088 | G74: 21 | H74: 5008 | I74: 6.5 | J74: 1598 | K74: 3196 | L74: =K74/2 -> 1598
A75: 71 | B75: 2023 | C75: 4 | D75: 2023/4 | E75: 75 | F75: 1826 | G75: 15 | H75: 3773 | I75: 4 | J75: 1138
A76: 72 | B76: 2023 | C76: 5 | D76: 2023/5 | I76: 4 | J76: 1137 | K76: =sum(J75:J76) -> 2275
A77: 73 | B77: 2023 | C77: 6 | D77: 2023/6 | E77: 86 | F77: 3057 | G77: 8 | H77: 2446 | I77: 7 | J77: 1905
A78: 74 | B78: 2023 | C78: 7 | D78: 2023/7 | E78: 164 | F78: 5213 | G78: 5 | H78: 1896 | I78: 5.5 | J78: 1409
A79: 75 | B79: 2023 | C79: 8 | D79: 2023/8 | E79: 222 | F79: 6477 | G79: 4 | H79: 1701 | I79: 5.5 | J79: 1409
A80: 76 | B80: 2023 | C80: 9 | D80: 2023/9 | E80: 179 | F80: 5110 | G80: 5 | H80: 1822 | I80: 5.5 | J80: 1409
A81: 77 | B81: 2023 | C81: 10 | D81: 2023/10 | E81: 100 | F81: 3388 | G81: 7 | H81: 2206 | I81: 5.5 | J81: 1409
A82: 78 | B82: 2023 | C82: 11 | D82: 2023/11 | E82: 114 | F82: 3857 | G82: 11 | H82: 2832 | I82: 6 | J82: 1421
A83: 79 | B83: 2023 | C83: 12 | D83: 2023/12 | E83: 146 | F83: 5128 | G83: 12 | H83: 2992 | I83: 6 | J83: 1421 | K83: 2842
A84: 80 | B84: 2024 | C84: 1 | D84: 2024/1 | E84: 167 | F84: 5253 | G84: 20 | H84: 4276 | I84: 7 | J84: 1445
A85: 81 | B85: 2024 | C85: 2 | D85: 2024/2 | E85: 157 | F85: 4725 | G85: 18 | H85: 3989 | I85: 7 | J85: 1445
A86: 82 | B86: 2024 | C86: 3 | D86: 2024/3 | E86: 156 | F86: 4624 | G86: 16 | H86: 3735 | I86: 5.5 | J86: 1409
A87: 83 | B87: 2024 | C87: 4 | D87: 2024/4 | E87: 129 | F87: 4529 | G87: 10 | H87: 2774 | I87: 5.5 | J87: 1409
A88: 84 | B88: 2024 | C88: 5 | D88: 2024/5 | E88: 101 | F88: 3082 | G88: 7 | H88: 2282 | I88: 4.5 | J88: 1397
A89: 85 | B89: 2024 | C89: 6 | D89: 2024/6 | E89: 105 | F89: 3404 | G89: 6 | H89: 2151 | I89: 4.5 | J89: 1397
A90: 86 | B90: 2024 | C90: 7 | D90: 2024/7 | E90: 159 | F90: 5371 | G90: 4 | H90: 1817 | I90: 5 | J90: 1397 | K90: 2794
A91: 87 | B91: 2024 | C91: 8 | D91: 2024/8 | E91: 215 | F91: 7674 | G91: 4 | H91: 1809 | I91: 5 | J91: 1397
A92: 88 | B92: 2024 | C92: 9 | D92: 2024/9 | E92: 158 | F92: 4890 | G92: 4 | H92: 1735 | I92: 5 | J92: 1397 | K92: 2794
A93: 89 | B93: 2024 | C93: 10 | D93: 2024/10 | E93: 91 | F93: 2961 | G93: 7 | H93: 2227 | I93: 5 | J93: 1397
A94: 90 | B94: 2024 | C94: 11 | D94: 2024/11 | E94: 140 | F94: 4583 | G94: 10 | H94: 2790 | I94: 6 | J94: 1421 | K94: 2842
A95: 91 | B95: 2024 | C95: 12 | D95: 2024/12 | E95: 165 | F95: 5719 | G95: 11 | H95: 2716 | I95: 6 | J95: 1421
A96: 92 | B96: 2025 | C96: 1 | D96: 2025/1 | E96: 160 | F96: 5509
A97: 93 | B97: 2025 | C97: 2 | D97: 2025/2
A98: 94 | B98: 2025 | C98: 3 | D98: 2025/3
A99: 95 | B99: 2025 | C99: 4 | D99: 2025/4
A100: 96 | B100: 2025 | C100: 5 | D100: 2025/5
...

Sheet 排出量
A1: ■二酸化炭素排出量[単位:kg]
A2: No | B2: 月 | C2: 月 | D2: 月 | E2: CO2排出量計[kg] | F2: 光熱費(円) | G2: 電気代 | H2: ガス代 | I2: 水道代 | L2: 2018 | M2: 2019 | N2: 2020
A3: 1 | B3: 2017 | C3: 5 | D3: 2017/5 | E3: 116.896 | L3: 1475.406 | M3: 1577.134 | N3: 1177.744
A4: 2 | B4: 2017 | C4: 6 | D4: 2017/6 | N4: =1-N3/M3 -> 0.25323784
A5: 3 | B5: 2017 | C5: 7 | D5: 2017/7
A6: 4 | B6: 2017 | C6: 8 | D6: 2017/8 | E6: 107.91
A7: 5 | B7: 2017 | C7: 9 | D7: 2017/9 | E7: 101.436
A8: 6 | B8: 2017 | C8: 10 | D8: 2017/10
A9: 7 | B9: 2017 | C9: 11 | D9: 2017/11
A10: 8 | B10: 2017 | C10: 12 | D10: 2017/12
A11: 9 | B11: 2018 | C11: 1 | D11: 2018/1 | E11: ='使用量'!E12*Sheet2!$B$3+'使用量'!G12*Sheet2!$C$3+'使用量'!I12*Sheet2!$D$3 -> 161.849 | F11: =SUM(G11:I11) -> 10732.5 | G11: ='使用量'!F12 -> 4738 | H11: ='使用量'!H12 -> 4319 | I11: ='使用量'!J12 -> 1675.5
A12: 10 | B12: 2018 | C12: 2 | D12: 2018/2 | E12: ='使用量'!E13*Sheet2!$B$3+'使用量'!G13*Sheet2!$C$3+'使用量'!I13*Sheet2!$D$3 -> 155.6 | F12: =SUM(G12:I12) -> 10539.5 | G12: ='使用量'!F13 -> 4521 | H12: ='使用量'!H13 -> 4200 | I12: 1818.5
A13: 11 | B13: 2018 | C13: 3 | D13: 2018/3 | E13: ='使用量'!E14*Sheet2!$B$3+'使用量'!G14*Sheet2!$C$3+'使用量'!I14*Sheet2!$D$3 -> 132.298 | F13: =SUM(G13:I13) -> 9403.5 | G13: ='使用量'!F14 -> 3732 | H13: ='使用量'!H14 -> 3853 | I13: 1818.5
A14: 12 | B14: 2018 | C14: 4 | D14: 2018/4 | E14: ='使用量'!E15*Sheet2!$B$3+'使用量'!G15*Sheet2!$C$3+'使用量'!I15*Sheet2!$D$3 -> 122.466 | F14: =SUM(G14:I14) -> 8821.5 | G14: ='使用量'!F15 -> 3332 | H14: ='使用量'!H15 -> 3885 | I14: 1604.5
A15: 13 | B15: 2018 | C15: 5 | D15: 2018/5 | E15: ='使用量'!E16*Sheet2!$B$3+'使用量'!G16*Sheet2!$C$3+'使用量'!I16*Sheet2!$D$3 -> 104.408 | F15: =SUM(G15:I15) -> 7742.5 | G15: ='使用量'!F16 -> 3720 | H15: ='使用量'!H16 -> 2418 | I15: 1604.5
A16: 14 | B16: 2018 | C16: 6 | D16: 2018/6 | E16: ='使用量'!E17*Sheet2!$B$3+'使用量'!G17*Sheet2!$C$3+'使用量'!I17*Sheet2!$D$3 -> 99.845 | F16: =SUM(G16:I16) -> 7567.5 | G16: ='使用量'!F17 -> 3396 | H16: ='使用量'!H17 -> 2567 | I16: 1604.5
A17: 15 | B17: 2018 | C17: 7 | D17: 2018/7 | E17: ='使用量'!E18*Sheet2!$B$3+'使用量'!G18*Sheet2!$C$3+'使用量'!I18*Sheet2!$D$3 -> 125.122 | F17: =SUM(G17:I17) -> 8826.5 | G17: ='使用量'!F18 -> 4928 | H17: ='使用量'!H18 -> 2294 | I17: 1604.5
A18: 16 | B18: 2018 | C18: 8 | D18: 2018/8 | E18: ='使用量'!E19*Sheet2!$B$3+'使用量'!G19*Sheet2!$C$3+'使用量'!I19*Sheet2!$D$3 -> 129.178 | F18: =SUM(G18:I18) -> 8979.5 | G18: ='使用量'!F19 -> 5656 | H18: ='使用量'!H19 -> 1743 | I18: 1580.5
A19: 17 | B19: 2018 | C19: 9 | D19: 2018/9 | E19: ='使用量'!E20*Sheet2!$B$3+'使用量'!G20*Sheet2!$C$3+'使用量'!I20*Sheet2!$D$3 -> 122.783 | F19: =SUM(G19:I19) -> 8780.5 | G19: ='使用量'!F20 -> 5030 | H19: ='使用量'!H20 -> 2170 | I19: 1580.5
A20: 18 | B20: 2018 | C20: 10 | D20: 2018/10 | E20: ='使用量'!E21*Sheet2!$B$3+'使用量'!G21*Sheet2!$C$3+'使用量'!I21*Sheet2!$D$3 -> 105.831 | F20: =SUM(G20:I20) -> 8157 | G20: ='使用量'!F21 -> 3662 | H20: ='使用量'!H21 -> 2748 | I20: 1747
A21: 19 | B21: 2018 | C21: 11 | D21: 2018/11 | E21: ='使用量'!E22*Sheet2!$B$3+'使用量'!G22*Sheet2!$C$3+'使用量'!I22*Sheet2!$D$3 -> 114.94 | F21: =SUM(G21:I21) -> 8745 | G21: ='使用量'!F22 -> 3948 | H21: ='使用量'!H22 -> 3050 | I21: 1747
A22: 20 | B22: 2018 | C22: 12 | D22: 2018/12 | E22: ='使用量'!E23*Sheet2!$B$3+'使用量'!G23*Sheet2!$C$3+'使用量'!I23*Sheet2!$D$3 -> 137.441 | F22: =SUM(G22:I22) -> 10495.5 | G22: ='使用量'!F23 -> 4281 | H22: ='使用量'!H23 -> 4068 | I22: 2146.5 | J22: 2019年
A23: 21 | B23: 2019 | C23: 1 | D23: 2019/1 | E23: ='使用量'!E24*Sheet2!$B$3+'使用量'!G24*Sheet2!$C$3+'使用量'!I24*Sheet2!$D$3 -> 182.717 | F23: =SUM(G23:I23) -> 13190.5 | G23: ='使用量'!F24 -> 5346 | H23: ='使用量'!H24 -> 5698 | I23: 2146.5 | J23: =average(E11:E36) -> 133.13919 | K23: =average(F11:F36) -> 9494.4615
A24: 22 | B24: 2019 | C24: 2 | D24: 2019/2 | E24: ='使用量'!E25*Sheet2!$B$3+'使用量'!G25*Sheet2!$C$3+'使用量'!I25*Sheet2!$D$3 -> 143.169 | F24: =SUM(G24:I24) -> 10779.5 | G24: ='使用量'!F25 -> 4607 | H24: ='使用量'!H25 -> 4283 | I24: 1889.5
A25: 23 | B25: 2019 | C25: 3 | D25: 2019/3 | E25: ='使用量'!E26*Sheet2!$B$3+'使用量'!G26*Sheet2!$C$3+'使用量'!I26*Sheet2!$D$3 -> 129.623 | F25: =SUM(G25:I25) -> 9496.5 | G25: ='使用量'!F26 -> 3303 | H25: ='使用量'!H26 -> 4304 | I25: 1889.5
A26: 24 | B26: 2019 | C26: 4 | D26: 2019/4 | E26: ='使用量'!E27*Sheet2!$B$3+'使用量'!G27*Sheet2!$C$3+'使用量'!I27*Sheet2!$D$3 -> 140.082 | F26: =SUM(G26:I26) -> 9969 | G26: ='使用量'!F27 -> 3152 | H26: ='使用量'!H27 -> 4799 | I26: 2018
A27: 25 | B27: 2019 | C27: 5 | D27: 2019/5 | E27: ='使用量'!E28*Sheet2!$B$3+'使用量'!G28*Sheet2!$C$3+'使用量'!I28*Sheet2!$D$3 -> 119.671 | F27: =SUM(G27:I27) -> 9157 | G27: ='使用量'!F28 -> 3578 | H27: ='使用量'!H28 -> 3561 | I27: 2018
A28: 26 | B28: 2019 | C28: 6 | D28: 2019/6 | E28: ='使用量'!E29*Sheet2!$B$3+'使用量'!G29*Sheet2!$C$3+'使用量'!I29*Sheet2!$D$3 -> 119.447 | F28: =SUM(G28:I28) -> 8541.5 | G28: ='使用量'!F29 -> 4504 | H28: ='使用量'!H29 -> 2362 | I28: 1675.5
A29: 27 | B29: 2019 | C29: 7 | D29: 2019/7 | E29: ='使用量'!E30*Sheet2!$B$3+'使用量'!G30*Sheet2!$C$3+'使用量'!I30*Sheet2!$D$3 -> 124.783 | F29: =SUM(G29:I29) -> 8804.5 | G29: ='使用量'!F30 -> 4642 | H29: ='使用量'!H30 -> 2487 | I29: 1675.5
A30: 28 | B30: 2019 | C30: 8 | D30: 2019/8 | E30: ='使用量'!E31*Sheet2!$B$3+'使用量'!G31*Sheet2!$C$3+'使用量'!I31*Sheet2!$D$3 -> 159.889 | F30: =SUM(G30:I30) -> 10539 | G30: ='使用量'!F31 -> 6476 | H30: ='使用量'!H31 -> 2316 | I30: 1747
A31: 29 | B31: 2019 | C31: 9 | D31: 2019/9 | E31: ='使用量'!E32*Sheet2!$B$3+'使用量'!G32*Sheet2!$C$3+'使用量'!I32*Sheet2!$D$3 -> 142.301 | F31: =SUM(G31:I31) -> 9592 | G31: ='使用量'!F32 -> 5417 | H31: ='使用量'!H32 -> 2428 | I31: 1747
A32: 30 | B32: 2019 | C32: 10 | D32: 2019/10 | E32: ='使用量'!E33*Sheet2!$B$3+'使用量'!G33*Sheet2!$C$3+'使用量'!I33*Sheet2!$D$3 -> 124.982 | F32: =SUM(G32:I32) -> 8672.5 | G32: ='使用量'!F33 -> 4631 | H32: ='使用量'!H33 -> 2279 | I32: 1762.5
A33: 31 | B33: 2019 | C33: 11 | D33: 2019/11 | E33: ='使用量'!E34*Sheet2!$B$3+'使用量'!G34*Sheet2!$C$3+'使用量'!I34*Sheet2!$D$3 -> 119.36 | F33: =SUM(G33:I33) -> 8655.5 | G33: ='使用量'!F34 -> 3857 | H33: ='使用量'!H34 -> 3036 | I33: 1762.5
A34: 32 | B34: 2019 | C34: 12 | D34: 2019/12 | E34: ='使用量'!E35*Sheet2!$B$3+'使用量'!G35*Sheet2!$C$3+'使用量'!I35*Sheet2!$D$3 -> 138.225 | F34: =SUM(G34:I34) -> 9741.5 | G34: ='使用量'!F35 -> 4232 | H34: ='使用量'!H35 -> 3730 | I34: 1779.5
A35: 33 | B35: 2020 | C35: 1 | D35: 2020/1 | E35: ='使用量'!E36*Sheet2!$B$3+'使用量'!G36*Sheet2!$C$3+'使用量'!I36*Sheet2!$D$3 -> 169.199 | F35: =SUM(G35:I35) -> 11374.5 | G35: ='使用量'!F36 -> 5111 | H35: ='使用量'!H36 -> 4484 | I35: 1779.5
A36: 34 | B36: 2020 | C36: 2 | D36: 2020/2 | E36: ='使用量'!E37*Sheet2!$B$3+'使用量'!G37*Sheet2!$C$3+'使用量'!I37*Sheet2!$D$3 -> 136.41 | F36: =SUM(G36:I36) -> 9551.5 | G36: ='使用量'!F37 -> 4332 | H36: ='使用量'!H37 -> 3440 | I36: 1779.5 | J36: 2020年
A37: 35 | B37: 2020 | C37: 3 | D37: 2020/3 | E37: ='使用量'!E38*Sheet2!$B$3+'使用量'!G38*Sheet2!$C$3+'使用量'!I38*Sheet2!$D$3 -> 102.545 | F37: =SUM(G37:I37) -> 7954.5 | G37: ='使用量'!F38 -> 2729 | H37: ='使用量'!H38 -> 3446 | I37: 1779.5 | J37: =average(E37:E48) -> 101.44325 | K37: =average(F37:F48) -> 7403.0833 | L37: =SUM(E25:E36) -> 1623.972 | M37: =SUM(E37:E48) -> 1217.319 | N37: =SUM(E61:E72) -> 424.45 | O37: =L37-N37 -> 1199.522
A38: 36 | B38: 2020 | C38: 4 | D38: 2020/4 | E38: ='使用量'!E39*Sheet2!$B$3+'使用量'!G39*Sheet2!$C$3+'使用量'!I39*Sheet2!$D$3 -> 100.077 | F38: =SUM(G38:I38) -> 7693 | G38: ='使用量'!F39 -> 2775 | H38: ='使用量'!H39 -> 3308 | I38: 1610 | L38: =SUM(F25:F36) -> 114095 | M38: =SUM(F37:F48) -> 88837 | N38: =SUM(F61:F72) -> 103517 | O38: =L38-N38 -> 10578
A39: 37 | B39: 2020 | C39: 5 | D39: 2020/5 | E39: ='使用量'!E40*Sheet2!$B$3+'使用量'!G40*Sheet2!$C$3+'使用量'!I40*Sheet2!$D$3 -> 82.775 | F39: =SUM(G39:I39) -> 6745 | G39: ='使用量'!F40 -> 2535 | H39: ='使用量'!H40 -> 2600 | I39: 1610
A40: 38 | B40: 2020 | C40: 6 | D40: 2020/6 | E40: ='使用量'!E41*Sheet2!$B$3+'使用量'!G41*Sheet2!$C$3+'使用量'!I41*Sheet2!$D$3 -> 78.428 | F40: =SUM(G40:I40) -> 6349.5 | G40: ='使用量'!F41 -> 2694 | H40: ='使用量'!H41 -> 2033 | I40: 1622.5
A41: 39 | B41: 2020 | C41: 7 | D41: 2020/7 | E41: ='使用量'!E42*Sheet2!$B$3+'使用量'!G42*Sheet2!$C$3+'使用量'!I42*Sheet2!$D$3 -> 83.117 | F41: =SUM(G41:I41) -> 6494.5 | G41: ='使用量'!F42 -> 2842 | H41: ='使用量'!H42 -> 2030 | I41: 1622.5
A42: 40 | B42: 2020 | C42: 8 | D42: 2020/8 | E42: ='使用量'!E43*Sheet2!$B$3+'使用量'!G43*Sheet2!$C$3+'使用量'!I43*Sheet2!$D$3 -> 110.926 | F42: =SUM(G42:I42) -> 7760 | G42: ='使用量'!F43 -> 4123 | H42: ='使用量'!H43 -> 2027 | I42: 1610
A43: 41 | B43: 2020 | C43: 9 | D43: 2020/9 | E43: ='使用量'!E44*Sheet2!$B$3+'使用量'!G44*Sheet2!$C$3+'使用量'!I44*Sheet2!$D$3 -> 122.136 | F43: =SUM(G43:I43) -> 8092 | G43: ='使用量'!F44 -> 4752 | H43: ='使用量'!H44 -> 1730 | I43: 1610
A44: 42 | B44: 2020 | C44: 10 | D44: 2020/10 | E44: ='使用量'!E45*Sheet2!$B$3+'使用量'!G45*Sheet2!$C$3+'使用量'!I45*Sheet2!$D$3 -> 97.419 | F44: =SUM(G44:I44) -> 7092.5 | G44: ='使用量'!F45 -> 2686 | H44: ='使用量'!H45 -> 2784 | I44: 1622.5
A45: 43 | B45: 2020 | C45: 11 | D45: 2020/11 | E45: ='使用量'!E46*Sheet2!$B$3+'使用量'!G46*Sheet2!$C$3+'使用量'!I46*Sheet2!$D$3 -> 83.369 | F45: =SUM(G45:I45) -> 6260.5 | G45: ='使用量'!F46 -> 2452 | H45: ='使用量'!H46 -> 2186 | I45: 1622.5
A46: 44 | B46: 2020 | C46: 12 | D46: 2020/12 | E46: ='使用量'!E47*Sheet2!$B$3+'使用量'!G47*Sheet2!$C$3+'使用量'!I47*Sheet2!$D$3 -> 104.363 | F46: =SUM(G46:I46) -> 7585 | G46: ='使用量'!F47 -> 2396 | H46: ='使用量'!H47 -> 3264 | I46: 1925
A47: 45 | B47: 2021 | C47: 1 | D47: 2021/1 | E47: ='使用量'!E48*Sheet2!$B$3+'使用量'!G48*Sheet2!$C$3+'使用量'!I48*Sheet2!$D$3 -> 141.034 | F47: =SUM(G47:I47) -> 9226 | G47: ='使用量'!F48 -> 2570 | H47: ='使用量'!H48 -> 4731 | I47: 1925
A48: 46 | B48: 2021 | C48: 2 | D48: 2021/2 | E48: ='使用量'!E49*Sheet2!$B$3+'使用量'!G49*Sheet2!$C$3+'使用量'!I49*Sheet2!$D$3 -> 111.13 | F48: =SUM(G48:I48) -> 7584.5 | G48: ='使用量'!F49 -> 2503 | H48: ='使用量'!H49 -> 3447 | I48: 1634.5
A49: 47 | B49: 2021 | C49: 3 | D49: 2021/3 | E49: ='使用量'!E50*Sheet2!$B$3+'使用量'!G50*Sheet2!$C$3+'使用量'!I50*Sheet2!$D$3 -> 107.214 | F49: =SUM(G49:I49) -> 7609.5 | G49: ='使用量'!F50 -> 2253 | H49: ='使用量'!H50 -> 3722 | I49: 1634.5
A50: 48 | B50: 2021 | C50: 4 | D50: 2021/4 | E50: ='使用量'!E51*Sheet2!$B$3+'使用量'!G51*Sheet2!$C$3+'使用量'!I51*Sheet2!$D$3 -> 88.629 | F50: =SUM(G50:I50) -> 6699 | G50: ='使用量'!F51 -> 2394 | H50: ='使用量'!H51 -> 2719 | I50: 1586 | J50: =3172/2 -> 1586
A51: 49 | B51: 2021 | C51: 5 | D51: 2021/5 | E51: ='使用量'!E52*Sheet2!$B$3+'使用量'!G52*Sheet2!$C$3+'使用量'!I52*Sheet2!$D$3 -> 73.806 | F51: =SUM(G51:I51) -> 6000 | G51: ='使用量'!F52 -> 2440 | H51: ='使用量'!H52 -> 1974 | I51: 1586 | J51: 2020年
A52: 50 | B52: 2021 | C52: 6 | D52: 2021/6 | E52: ='使用量'!E53*Sheet2!$B$4+'使用量'!G53*Sheet2!$C$3+'使用量'!I53*Sheet2!$D$3 -> 16.185 | F52: =SUM(G52:I52) -> 6869 | G52: ='使用量'!F53 -> 3731 | H52: ='使用量'!H53 -> 1576 | I52: 1562 | J52: =average(E52:E86) -> 31.582353 | K52: =average(F52:F86) -> 8541.2353
A53: 51 | B53: 2021 | C53: 7 | D53: 2021/7 | E53: ='使用量'!E54*Sheet2!$B$4+'使用量'!G54*Sheet2!$C$3+'使用量'!I54*Sheet2!$D$3 -> 13.975 | F53: =SUM(G53:I53) -> 7314 | G53: ='使用量'!F54 -> 4006 | H53: ='使用量'!H54 -> 1746 | I53: 1562
A54: 52 | B54: 2021 | C54: 8 | D54: 2021/8 | E54: ='使用量'!E55*Sheet2!$B$4+'使用量'!G55*Sheet2!$C$3+'使用量'!I55*Sheet2!$D$3 -> 14.625 | F54: =SUM(G54:I54) -> 9595 | G54: ='使用量'!F55 -> 6282 | H54: ='使用量'!H55 -> 1739 | I54: 1574
A55: 53 | B55: 2021 | C55: 9 | D55: 2021/9 | E55: ='使用量'!E56*Sheet2!$B$4+'使用量'!G56*Sheet2!$C$3+'使用量'!I56*Sheet2!$D$3 -> 14.625 | F55: =SUM(G55:I55) -> 7477 | G55: ='使用量'!F56 -> 4149 | H55: ='使用量'!H56 -> 1754 | I55: 1574
A56: 54 | B56: 2021 | C56: 10 | D56: 2021/10 | E56: ='使用量'!E57*Sheet2!$B$4+'使用量'!G57*Sheet2!$C$3+'使用量'!I57*Sheet2!$D$3 -> 24.44 | F56: =SUM(G56:I56) -> 7691 | G56: ='使用量'!F57 -> 3745 | H56: ='使用量'!H57 -> 2336 | I56: ='使用量'!J57 -> 1610
A57: 55 | B57: 2021 | C57: 11 | D57: 2021/11 | E57: ='使用量'!E58*Sheet2!$B$4+'使用量'!G58*Sheet2!$C$3+'使用量'!I58*Sheet2!$D$3 -> 33.28 | F57: =SUM(G57:I57) -> 6841 | G57: ='使用量'!F58 -> 2292 | H57: ='使用量'!H58 -> 2939 | I57: ='使用量'!J58 -> 1610
A58: 56 | B58: 2021 | C58: 12 | D58: 2021/12 | E58: ='使用量'!E59*Sheet2!$B$4+'使用量'!G59*Sheet2!$C$3+'使用量'!I59*Sheet2!$D$3 -> 43.68 | F58: =SUM(G58:I58) -> 7621 | G58: ='使用量'!F59 -> 2327 | H58: ='使用量'!H59 -> 3708 | I58: ='使用量'!J59 -> 1586
A59: 57 | B59: 2022 | C59: 1 | D59: 2022/1 | E59: ='使用量'!E60*Sheet2!$B$4+'使用量'!G60*Sheet2!$C$3+'使用量'!I60*Sheet2!$D$3 -> 37.05 | F59: =SUM(G59:I59) -> 9750 | G59: ='使用量'!F60 -> 4841 | H59: ='使用量'!H60 -> 3323 | I59: ='使用量'!J60 -> 1586
A60: 58 | B60: 2022 | C60: 2 | D60: 2022/2 | E60: ='使用量'!E61*Sheet2!$B$4+'使用量'!G61*Sheet2!$C$3+'使用量'!I61*Sheet2!$D$3 -> 65.845 | F60: =SUM(G60:I60) -> 11175 | G60: ='使用量'!F61 -> 4061 | H60: ='使用量'!H61 -> 5262 | I60: ='使用量'!J61 -> 1852
A61: 59 | B61: 2022 | C61: 3 | D61: 2022/3 | E61: ='使用量'!E62*Sheet2!$B$4+'使用量'!G62*Sheet2!$C$3+'使用量'!I62*Sheet2!$D$3 -> 65.845 | F61: =SUM(G61:I61) -> 10248 | G61: ='使用量'!F62 -> 2934 | H61: ='使用量'!H62 -> 5462 | I61: ='使用量'!J62 -> 1852
A62: 60 | B62: 2022 | C62: 4 | D62: 2022/4 | E62: ='使用量'!E63*Sheet2!$B$4+'使用量'!G63*Sheet2!$C$3+'使用量'!I63*Sheet2!$D$3 -> 54.73 | F62: =SUM(G62:I62) -> 9201 | G62: ='使用量'!F63 -> 2697 | H62: ='使用量'!H63 -> 4918 | I62: ='使用量'!J63 -> 1586
A63: 61 | B63: 2022 | C63: 5 | D63: 2022/5 | E63: ='使用量'!E64*Sheet2!$B$4+'使用量'!G64*Sheet2!$C$3+'使用量'!I64*Sheet2!$D$3 -> 26 | F63: =SUM(G63:I63) -> 6939 | G63: ='使用量'!F64 -> 2563 | H63: ='使用量'!H64 -> 2790 | I63: ='使用量'!J64 -> 1586
A64: 62 | B64: 2022 | C64: 6 | D64: 2022/6 | E64: ='使用量'!E65*Sheet2!$B$4+'使用量'!G65*Sheet2!$C$3+'使用量'!I65*Sheet2!$D$3 -> 22.49 | F64: =SUM(G64:I64) -> 7081 | G64: ='使用量'!F65 -> 2894 | H64: ='使用量'!H65 -> 2625 | I64: ='使用量'!J65 -> 1562
A65: 63 | B65: 2022 | C65: 7 | D65: 2022/7 | E65: ='使用量'!E66*Sheet2!$B$4+'使用量'!G66*Sheet2!$C$3+'使用量'!I66*Sheet2!$D$3 -> 13.65 | F65: =SUM(G65:I65) -> 8265 | G65: ='使用量'!F66 -> 4758 | H65: ='使用量'!H66 -> 1945 | I65: ='使用量'!J66 -> 1562
A66: 64 | B66: 2022 | C66: 8 | D66: 2022/8 | E66: ='使用量'!E67*Sheet2!$B$4+'使用量'!G67*Sheet2!$C$3+'使用量'!I67*Sheet2!$D$3 -> 13.975 | F66: =SUM(G66:I66) -> 9726 | G66: ='使用量'!F67 -> 6219 | H66: ='使用量'!H67 -> 1945 | I66: ='使用量'!J67 -> 1562
A67: 65 | B67: 2022 | C67: 9 | D67: 2022/9 | E67: ='使用量'!E68*Sheet2!$B$4+'使用量'!G68*Sheet2!$C$3+'使用量'!I68*Sheet2!$D$3 -> 11.765 | F67: =SUM(G67:I67) -> 8024 | G67: ='使用量'!F68 -> 4693 | H67: ='使用量'!H68 -> 1769 | I67: ='使用量'!J68 -> 1562
... A70: 68 | B70: 2022 | C70: 12 | D70: 2022/12 | E70: ='使用量'!E71*Sheet2!$B$4+'使用量'!G71*Sheet2!$C$3+'使用量'!I71*Sheet2!$D$3 -> 42.445 | F70: =SUM(G70:I70) -> 7000 | G70: ='使用量'!F71 -> 832 | H70: ='使用量'!H71 -> 4545 | I70: ='使用量'!J71 -> 1623
B71: 2023 | C71: 1 | D71: 2023/1 | E71: ='使用量'!E72*Sheet2!$B$4+'使用量'!G72*Sheet2!$C$3+'使用量'!I72*Sheet2!$D$3 -> 62.335 | F71: =SUM(G71:I71) -> 11309 | G71: ='使用量'!F72 -> 3142 | H71: ='使用量'!H72 -> 6545 | I71: ='使用量'!J72 -> 1622
B72: 2023 | C72: 2 | D72: 2023/2 | E72: ='使用量'!E73*Sheet2!$B$4+'使用量'!G73*Sheet2!$C$3+'使用量'!I73*Sheet2!$D$3 -> 44.005 | F72: =SUM(G72:I72) -> 9041 | G72: ='使用量'!F73 -> 2889 | H72: ='使用量'!H73 -> 4554 | I72: ='使用量'!J73 -> 1598
B73: 2023 | C73: 3 | D73: 2023/3 | E73: ='使用量'!E74*Sheet2!$B$4+'使用量'!G74*Sheet2!$C$3+'使用量'!I74*Sheet2!$D$3 -> 50.635 | F73: =SUM(G73:I73) -> 7694 | G73: ='使用量'!F74 -> 1088 | H73: ='使用量'!H74 -> 5008 | I73: ='使用量'!J74 -> 1598
B74: 2023 | C74: 4 | D74: 2023/4 | E74: ='使用量'!E75*Sheet2!$B$4+'使用量'!G75*Sheet2!$C$3+'使用量'!I75*Sheet2!$D$3 -> 35.75 | F74: =SUM(G74:I74) -> 6737 | G74: ='使用量'!F75 -> 1826 | H74: ='使用量'!H75 -> 3773 | I74: ='使用量'!J75 -> 1138
B75: 2023 | C75: 5 | D75: 2023/5 | G75: ='使用量'!F76 | H75: ='使用量'!H76 | I75: ='使用量'!J76 -> 1137
B76: 2023 | C76: 6 | D76: 2023/6 | E76: ='使用量'!E77*Sheet2!$B$4+'使用量'!G77*Sheet2!$C$3+'使用量'!I77*Sheet2!$D$3 -> 22.23 | F76: =SUM(G76:I76) -> 7408 | G76: ='使用量'!F77 -> 3057 | H76: ='使用量'!H77 -> 2446 | I76: ='使用量'!J77 -> 1905
B77: 2023 | C77: 7 | D77: 2023/7 | E77: ='使用量'!E78*Sheet2!$B$4+'使用量'!G78*Sheet2!$C$3+'使用量'!I78*Sheet2!$D$3 -> 14.625 | F77: =SUM(G77:I77) -> 8518 | G77: ='使用量'!F78 -> 5213 | H77: ='使用量'!H78 -> 1896 | I77: ='使用量'!J78 -> 1409
B78: 2023 | C78: 8 | D78: 2023/8 | E78: ='使用量'!E79*Sheet2!$B$4+'使用量'!G79*Sheet2!$C$3+'使用量'!I79*Sheet2!$D$3 -> 12.415 | F78: =SUM(G78:I78) -> 9587 | G78: ='使用量'!F79 -> 6477 | H78: ='使用量'!H79 -> 1701 | I78: ='使用量'!J79 -> 1409
B79: 2023 | C79: 9 | D79: 2023/9 | E79: ='使用量'!E80*Sheet2!$B$4+'使用量'!G80*Sheet2!$C$3+'使用量'!I80*Sheet2!$D$3 -> 14.625 | F79: =SUM(G79:I79) -> 8341 | G79: ='使用量'!F80 -> 5110 | H79: ='使用量'!H80 -> 1822 | I79: ='使用量'!J80 -> 1409
B80: 2023 | C80: 10 | D80: 2023/10 | E80: ='使用量'!E81*Sheet2!$B$4+'使用量'!G81*Sheet2!$C$3+'使用量'!I81*Sheet2!$D$3 -> 19.045 | F80: =SUM(G80:I80) -> 7003 | G80: ='使用量'!F81 -> 3388 | H80: ='使用量'!H81 -> 2206 | I80: ='使用量'!J81 -> 1409
B81: 2023 | C81: 11 | D81: 2023/11 | E81: ='使用量'!E82*Sheet2!$B$4+'使用量'!G82*Sheet2!$C$3+'使用量'!I82*Sheet2!$D$3 -> 28.21 | F81: =SUM(G81:I81) -> 8110 | G81: ='使用量'!F82 -> 3857 | H81: ='使用量'!H82 -> 2832 | I81: ='使用量'!J82 -> 1421
B82: 2023 | C82: 12 | D82: 2023/12 | E82: ='使用量'!E83*Sheet2!$B$4+'使用量'!G83*Sheet2!$C$3+'使用量'!I83*Sheet2!$D$3 -> 30.42 | F82: =SUM(G82:I82) -> 9541 | G82: ='使用量'!F83 -> 5128 | H82: ='使用量'!H83 -> 2992 | I82: ='使用量'!J83 -> 1421
B83: 2024 | C83: 1 | D83: 2024/1 | E83: ='使用量'!E84*Sheet2!$B$4+'使用量'!G84*Sheet2!$C$3+'使用量'!I84*Sheet2!$D$3 -> 48.75 | F83: =SUM(G83:I83) -> 10974 | G83: ='使用量'!F84 -> 5253 | H83: ='使用量'!H84 -> 4276 | I83: ='使用量'!J84 -> 1445
B84: 2024 | C84: 2 | D84: 2024/2 | E84: ='使用量'!E85*Sheet2!$B$4+'使用量'!G85*Sheet2!$C$3+'使用量'!I85*Sheet2!$D$3 -> 44.33 | F84: =SUM(G84:I84) -> 10159 | G84: ='使用量'!F85 -> 4725 | H84: ='使用量'!H85 -> 3989 | I84: ='使用量'!J85 -> 1445
B85: 2024 | C85: 3 | D85: 2024/3 | E85: ='使用量'!E86*Sheet2!$B$4+'使用量'!G86*Sheet2!$C$3+'使用量'!I86*Sheet2!$D$3 -> 38.935 | F85: =SUM(G85:I85) -> 9768 | G85: ='使用量'!F86 -> 4624 | H85: ='使用量'!H86 -> 3735 | I85: ='使用量'!J86 -> 1409
B86: 2024 | C86: 4 | D86: 2024/4 | E86: ='使用量'!E87*Sheet2!$B$4+'使用量'!G87*Sheet2!$C$3+'使用量'!I87*Sheet2!$D$3 -> 25.675 | F86: =SUM(G86:I86) -> 8712 | G86: ='使用量'!F87 -> 4529 | H86: ='使用量'!H87 -> 2774 | I86: ='使用量'!J87 -> 1409
B87: 2024 | C87: 5 | D87: 2024/5 | E87: ='使用量'!E88*Sheet2!$B$4+'使用量'!G88*Sheet2!$C$3+'使用量'!I88*Sheet2!$D$3 -> 18.395 | F87: =SUM(G87:I87) -> 6761 | G87: ='使用量'!F88 -> 3082 | H87: ='使用量'!H88 -> 2282 | I87: ='使用量'!J88 -> 1397
... B94: 2024 | C94: 12 | D94: 2024/12 | E94: ='使用量'!E95*Sheet2!$B$4+'使用量'!G95*Sheet2!$C$3+'使用量'!I95*Sheet2!$D$3 -> 28.21 | F94: =SUM(G94:I94) -> 9856 | G94: ='使用量'!F95 -> 5719 | H94: ='使用量'!H95 -> 2716 | I94: ='使用量'!J95 -> 1421
B95: 2025 | C95: 1 | D95: 2025/1 | E95: ='使用量'!E96*Sheet2!$B$4+'使用量'!G96*Sheet2!$C$3+'使用量'!I96*Sheet2!$D$3 -> 0 | F95: =SUM(G95:I95) -> 5509 | G95: ='使用量'!F96 -> 5509 | H95: ='使用量'!H96 | I95: ='使用量'!J96
B96: 2025 | C96: 2 | D96: 2025/2 | E96: ='使用量'!E97*Sheet2!$B$4+'使用量'!G97*Sheet2!$C$3+'使用量'!I97*Sheet2!$D$3 -> 0 | F96: =SUM(G96:I96) -> 0 | G96: ='使用量'!F97 | H96: ='使用量'!H97 | I96: ='使用量'!J97
B97: 2025 | C97: 3 | D97: 2025/3 | E97: ='使用量'!E98*Sheet2!$B$4+'使用量'!G98*Sheet2!$C$3+'使用量'!I98*Sheet2!$D$3 -> 0 | F97: =SUM(G97:I97) -> 0 | G97: ='使用量'!F98 | H97: ='使用量'!H98 | I97: ='使用量'!J98
B98: 2025 | C98: 4 | D98: 2025/4 | E98: ='使用量'!E99*Sheet2!$B$4+'使用量'!G99*Sheet2!$C$3+'使用量'!I99*Sheet2!$D$3 -> 0 | F98: =SUM(G98:I98) -> 0 | G98: ='使用量'!F99 | H98: ='使用量'!H99 | I98: ='使用量'!J99
B99: 2025 | C99: 5 | D99: 2025/5 | E99: ='使用量'!E100*Sheet2!$B$4+'使用量'!G100*Sheet2!$C$3+'使用量'!I100*Sheet2!$D$3 -> 0 | F99: =SUM(G99:I99) -> 0 | G99: ='使用量'!F100 | H99: ='使用量'!H100 | I99: ='使用量'!J100
B100: 2025 | C100: 6 | D100: 2025/6 | E100: ='使用量'!E101*Sheet2!$B$4+'使用量'!G101*Sheet2!$C$3+'使用量'!I101*Sheet2!$D$3 -> 0 | F100: =SUM(G100:I100) -> 0 | G100: ='使用量'!F101 | H100: ='使用量'!H101 | I100: ='使用量'!J101
B101: 2025 | C101: 7 | D101: 2025/7 | E101: ='使用量'!E102*Sheet2!$B$4+'使用量'!G102*Sheet2!$C$3+'使用量'!I102*Sheet2!$D$3 -> 0 | F101: =SUM(G101:I101) -> 0 | G101: ='使用量'!F102 | H101: ='使用量'!H102 | I101: ='使用量'!J102
B102: 2025 | C102: 8 | D102: 2025/8 | E102: ='使用量'!E103*Sheet2!$B$4+'使用量'!G103*Sheet2!$C$3+'使用量'!I103*Sheet2!$D$3 -> 0 | F102: =SUM(G102:I102) -> 0 | G102: ='使用量'!F103 | H102: ='使用量'!H103 | I102: ='使用量'!J103
B103: 2025 | C103: 9 | D103: 2025/9 | E103: ='使用量'!E104*Sheet2!$B$4+'使用量'!G104*Sheet2!$C$3+'使用量'!I104*Sheet2!$D$3 -> 0 | F103: =SUM(G103:I103) -> 0 | G103: ='使用量'!F104 | H103: ='使用量'!H104 | I103: ='使用量'!J104
B104: 2025 | C104: 10 | D104: 2025/10 | E104: ='使用量'!E105*Sheet2!$B$4+'使用量'!G105*Sheet2!$C$3+'使用量'!I105*Sheet2!$D$3 -> 0 | F104: =SUM(G104:I104) -> 0 | G104: ='使用量'!F105 | H104: ='使用量'!H105 | I104: ='使用量'!J105
B105: 2025 | C105: 11 | D105: 2025/11 | E105: ='使用量'!E106*Sheet2!$B$4+'使用量'!G106*Sheet2!$C$3+'使用量'!I106*Sheet2!$D$3 -> 0 | F105: =SUM(G105:I105) -> 0 | G105: ='使用量'!F106 | H105: ='使用量'!H106 | I105: ='使用量'!J106
B106: 2025 | C106: 12 | D106: 2025/12 | E106: ='使用量'!E107*Sheet2!$B$4+'使用量'!G107*Sheet2!$C$3+'使用量'!I107*Sheet2!$D$3 -> 0 | F106: =SUM(G106:I106) -> 0 | G106: ='使用量'!F107 | H106: ='使用量'!H107 | I106: ='使用量'!J107
... B110: 2026 | C110: 4 | D110: 2026/4 | E110: ='使用量'!E111*Sheet2!$B$4+'使用量'!G111*Sheet2!$C$3+'使用量'!I111*Sheet2!$D$3 -> 0 | F110: =SUM(G110:I110) -> 0 | G110: ='使用量'!F111 | H110: ='使用量'!H111 | I110: ='使用量'!J111
D129: 改善前 | F129: 家電買替え | G129: 電気再エネ100% | J129: 改善前 | K129: 家電買替え | L129: 電気再エネ100%
...

Sheet 再エネ比較
A1: ■光熱費[\]
A2: No | B2: 年 | C2: 月 | D2: 月 | E2: 非再エネ コスト | F2: 再エネ コスト | G2: ガス | H2: 水道 | I2: 非再エネ CO2:コスト | J2: 再エネ CO2:コスト | K2: 増加率
A3: 1 | B3: 2017 | C3: 5 | D3: 2017/5
A4: 2 | B4: 2017 | C4: 6 | D4: 2017/6
A5: 3 | B5: 2017 | C5: 7 | D5: 2017/7
A6: 4 | B6: 2017 | C6: 8 | D6: 2017/8
A7: 5 | B7: 2017 | C7: 9 | D7: 2017/9
A8: 6 | B8: 2017 | C8: 10 | D8: 2017/10
A9: 7 | B9: 2017 | C9: 11 | D9: 2017/11
A10: 8 | B10: 2017 | C10: 12 | D10: 2017/12
A11: 9 | B11: 2018 | C11: 1 | D11: 2018/1 | E11: ='使用量'!F12 -> 4738
A12: 10 | B12: 2018 | C12: 2 | D12: 2018/2 | E12: ='使用量'!F13 -> 4521
A13: 11 | B13: 2018 | C13: 3 | D13: 2018/3 | E13: ='使用量'!F14 -> 3732
A14: 12 | B14: 2018 | C14: 4 | D14: 2018/4 | E14: ='使用量'!F15 -> 3332
A15: 13 | B15: 2018 | C15: 5 | D15: 2018/5 | E15: ='使用量'!F16 -> 3720
A16: 14 | B16: 2018 | C16: 6 | D16: 2018/6 | E16: ='使用量'!F17 -> 3396
A17: 15 | B17: 2018 | C17: 7 | D17: 2018/7 | E17: ='使用量'!F18 -> 4928
A18: 16 | B18: 2018 | C18: 8 | D18: 2018/8 | E18: ='使用量'!F19 -> 5656
A19: 17 | B19: 2018 | C19: 9 | D19: 2018/9 | E19: ='使用量'!F20 -> 5030
A20: 18 | B20: 2018 | C20: 10 | D20: 2018/10 | E20: ='使用量'!F21 -> 3662
A21: 19 | B21: 2018 | C21: 11 | D21: 2018/11 | E21: ='使用量'!F22 -> 3948
A22: 20 | B22: 2018 | C22: 12 | D22: 2018/12 | E22: ='使用量'!F23 -> 4281
... A39: 37 | B39: 2020 | C39: 5 | D39: 2020/5 | E39: ='使用量'!F40 -> 2535
A40: 38 | B40: 2020 | C40: 6 | D40: 2020/6 | E40: ='使用量'!F41 -> 2694 | F40: 3305.38 | G40: 2033 | H40: 1622.5 | I40: =SUM(E40+G40+H40) -> 6349.5 | J40: =SUM(F40:H40) -> 6960.88 | K40: =(J40-I40)/I40 -> 0.096287897
A41: 39 | B41: 2020 | C41: 7 | D41: 2020/7 | E41: ='使用量'!F42 -> 2842 | F41: 3413.52 | G41: 2030 | H41: 1622.5 | I41: =SUM(E41+G41+H41) -> 6494.5 | J41: =SUM(F41:H41) -> 7066.02 | K41: =(J41-I41)/I41 -> 0.088000616
A42: 40 | B42: 2020 | C42: 8 | D42: 2020/8 | E42: ='使用量'!F43 -> 4123 | F42: 4647.16 | G42: 2027 | H42: 1610 | I42: =SUM(E42+G42+H42) -> 7760 | J42: =SUM(F42:H42) -> 8284.16 | K42: =(J42-I42)/I42 -> 0.067546392
A43: 41 | B43: 2020 | C43: 9 | D43: 2020/9 | E43: ='使用量'!F44 -> 4752 | F43: 5207.76 | G43: 1730 | H43: 1610 | I43: =SUM(E43+G43+H43) -> 8092 | J43: =SUM(F43:H43) -> 8547.76 | K43: =(J43-I43)/I43 -> 0.056322294
A44: 42 | B44: 2020 | C44: 10 | D44: 2020/10 | E44: ='使用量'!F45 -> 2686 | F44: 3428.52 | G44: 2784 | H44: 1622.5 | I44: =SUM(E44+G44+H44) -> 7092.5 | J44: =SUM(F44:H44) -> 7835.02 | K44: =(J44-I44)/I44 -> 0.10469087
A45: 43 | B45: 2020 | C45: 11 | D45: 2020/11 | E45: ='使用量'!F46 -> 2452 | F45: 3209.2 | G45: 2186 | H45: 1622.5 | I45: =SUM(E45+G45+H45) -> 6260.5 | J45: =SUM(F45:H45) -> 7017.7 | K45: =(J45-I45)/I45 -> 0.12094881
A46: 44 | B46: 2020 | C46: 12 | D46: 2020/12 | E46: ='使用量'!F47 -> 2396 | F46: 3149.85 | G46: 3264 | H46: 1925 | I46: =SUM(E46+G46+H46) -> 7585 | J46: =SUM(F46:H46) -> 8338.85 | K46: =(J46-I46)/I46 -> 0.099386948
A47: 45 | B47: 2021 | C47: 1 | D47: 2021/1 | E47: ='使用量'!F48 -> 2570 | F47: 3382.92 | G47: 4731 | H47: 1925 | I47: =SUM(E47+G47+H47) -> 9226 | J47: =SUM(F47:H47) -> 10038.92 | K47: =(J47-I47)/I47 -> 0.088111858
A48: 46 | B48: 2021 | C48: 2 | D48: 2021/2 | E48: ='使用量'!F49 -> 2503 | F48: 3533.8 | G48: 3447 | H48: 1634.5 | I48: =SUM(E48+G48+H48) -> 7584.5 | J48: =SUM(F48:H48) -> 8615.3 | K48: =(J48-I48)/I48 -> 0.13590876
A49: 47 | B49: 2021 | C49: 3 | D49: 2021/3 | E49: ='使用量'!F50 -> 2253 | F49: 3615.4 | G49: 3722 | H49: 1634.5 | I49: =SUM(E49+G49+H49) -> 7609.5 | J49: =SUM(F49:H49) -> 8971.9 | K49: =(J49-I49)/I49 -> 0.17903936
A50: 48 | B50: 2021 | C50: 4 | D50: 2021/4 | E50: 2394 | F50: 3747.09 | G50: 2719 | H50: 1586 | I50: =SUM(E50+G50+H50) -> 6699 | J50: =SUM(F50:H50) -> 8052.09 | K50: =(J50-I50)/I50 -> 0.20198388
A51: 49 | B51: 2021 | C51: 5 | D51: 2021/5 | E51: 2440 | F51: 3649.68 | G51: 1974 | H51: 1586 | I51: =SUM(E51+G51+H51) -> 6000 | J51: =SUM(F51:H51) -> 7209.68 | K51: =(J51-I51)/I51 -> 0.20161333
A52: 50 | B52: 2021 | C52: 6 | D52: 2021/6 | E52: =25.54*'使用量'!E53-107.38 -> 2421.08 | F52: 3731 | G52: 1576 | H52: 1562 | I52: =SUM(E52+G52+H52) -> 5559.08 | J52: =SUM(F52:H52) -> 6869 | K52: =(J52-I52)/I52 -> 0.23563611 | L52: 3731 | M52: 2694 | N52: =1-L52/M52 -> -0.38492947 | O52: 1576 | P52: 2033 | Q52: =1-O52/P52 -> 0.22479095 | R52: 1562 | S52: 1622.5 | T52: =1-R52/S52 -> 0.037288136
A53: 51 | B53: 2021 | C53: 7 | D53: 2021/7 | E53: =25.54*'使用量'!E54-107.38 -> 2650.94 | F53: 4006 | G53: 1746 | H53: 1562 | I53: =SUM(E53+G53+H53) -> 5958.94 | J53: =SUM(F53:H53) -> 7314 | K53: =(J53-I53)/I53 -> 0.2273995 | L53: 4006 | M53: 2842 | N53: =1-L53/M53 -> -0.40957072 | O53: 1746 | P53: 2030 | Q53: =1-O53/P53 -> 0.13990148 | R53: 1562 | S53: 1622.5 | T53: =1-R53/S53 -> 0.037288136
A54: 52 | B54: 2021 | C54: 8 | D54: 2021/8 | E54: =25.54*'使用量'!E55-107.38 -> 4770.76 | I54: =SUM(E54+G54+H54) -> 4770.76 | J54: =SUM(F54:H54) -> 0 | K54: =(J54-I54)/I54 -> -1
A55: 53 | B55: 2021 | C55: 9 | D55: 2021/9 | E55: =25.54*'使用量'!E56-107.38 -> 3314.98 | I55: =SUM(E55+G55+H55) -> 3314.98 | J55: =SUM(F55:H55) -> 0 | K55: =(J55-I55)/I55 -> -1 | L55: 6869 | M55: 6349.5 | N55: =1-L55/M55 -> -0.081817466
A56: 54 | B56: 2021 | C56: 10 | D56: 2021/10 | E56: =25.54*'使用量'!E57-107.38 -> 2727.56 | I56: =SUM(E56+G56+H56) -> 2727.56 | J56: =SUM(F56:H56) -> 0 | K56: =(J56-I56)/I56 -> -1 | L56: 7314 | M56: 6494.5 | N56: =1-L56/M56 -> -0.12618369
A57: 55 | B57: 2021 | C57: 11 | D57: 2021/11 | E57: =25.54*'使用量'!E58-107.38 -> 1935.82 | I57: =SUM(E57+G57+H57) -> 1935.82 | J57: =SUM(F57:H57) -> 0 | K57: =(J57-I57)/I57 -> -1
A58: 56 | B58: 2021 | C58: 12 | D58: 2021/12 | E58: =25.54*'使用量'!E59-107.38 -> 1935.82 | I58: =SUM(E58+G58+H58) -> 1935.82 | J58: =SUM(F58:H58) -> 0 | K58: =(J58-I58)/I58 -> -1
A59: 57 | B59: 2022 | C59: 1 | D59: 2022/1 | E59: =25.54*'使用量'!E60-107.38 -> 4336.58 | I59: =SUM(E59+G59+H59) -> 4336.58 | J59: =SUM(F59:H59) -> 0 | K59: =(J59-I59)/I59 -> -1
A60: 58 | B60: 2022 | C60: 2 | D60: 2022/2 | E60: =25.54*'使用量'!E61-107.38 -> 3493.76 | I60: =SUM(E60+G60+H60) -> 3493.76 | J60: =SUM(F60:H60) -> 0 | K60: =(J60-I60)/I60 -> -1
A61: 59 | B61: 2022 | C61: 3 | D61: 2022/3 | E61: =25.54*'使用量'!E62-107.38 -> 2318.92 | I61: =SUM(E61+G61+H61) -> 2318.92 | J61: =SUM(F61:H61) -> 0 | K61: =(J61-I61)/I61 -> -1

Sheet 東京都気温
A1: 東京都 温室効果ガス排出量と年間気温
B2: 降水量[mm] | C2: 温室効果ガス[万t-COeq] | D2: 気温[℃]
A3: 1952 | B3: 1640.6 | D3: 14.6
A4: 1953 | B4: 1519.4 | D4: 14.6
A5: 1954 | B5: 1770.7 | D5: 14.8
A6: 1955 | B6: 1553.9 | D6: 15.5
A7: 1956 | B7: 1657.3 | D7: 14.7
A8: 1957 | B8: 1500 | D8: 14.9
A9: 1958 | B9: 1804.9 | D9: 15.2
A10: 1959 | B10: 1626.3 | D10: 15.7
A11: 1960 | B11: 1281.9 | D11: 15.4
A12: 1961 | B12: 1260.2 | D12: 15.9
A13: 1962 | B13: 1256 | D13: 15.4
A14: 1963 | B14: 1575 | D14: 15
... A39: 1988 | B39: 1515.5 | D39: 15.4
A40: 1989 | B40: 1937.5 | C40: 温室効果ガス[万t-COeq] | D40: 16.4
A41: 1990 | B41: 1512.5 | C41: 5764 | D41: 17
A42: 1991 | B42: 2042 | C42: 6065 | D42: 16.4
A43: 1992 | B43: 1619.5 | C43: 6190 | D43: 16
A44: 1993 | B44: 1872.5 | C44: 6001 | D44: 15.5
A45: 1994 | B45: 1131.5 | C45: 6243 | D45: 16.9
A46: 1995 | B46: 1220 | C46: 6228 | D46: 16.3
A47: 1996 | B47: 1333.5 | C47: 6109 | D47: 15.8
A48: 1997 | B48: 1302 | C48: 6174 | D48: 16.7
A49: 1998 | B49: 1546.5 | C49: 6079 | D49: 16.7
A50: 1999 | B50: 1622 | C50: 6120 | D50: 17
A51: 2000 | B51: 1603 | C51: 6220 | D51: 16.9
A52: 2001 | B52: 1491 | C52: 5985 | D52: 16.5
... A68: 2017 | B68: 1430 | C68: 6485 | D68: 15.8
A69: 2018 | B69: 1445.5 | D69: 16.8
A70: 2019 | B70: 1874 | D70: 16.5
A71: 2020 | B71: 1590 | D71: 16.5
A72: 2021 | D72: 16.6
A73: 2022 | D73: 16.4

Sheet Sheet2
A1: ■二酸化炭素排出量算出のための係数
A2: No | B2: 電気[kWh] | C2: ガス[㎥] | D2: 水道[㎥]
A3: 1 | B3: 0.521 | C3: 2.21 | D3: 0.65
B4: 0
